id,"family_name","first_name",age,"created_at","updated_at"
1,"阿部","幸一郎",24,"2015-08-28 08:33:52","2015-08-28 08:33:52"
4,"関谷","丈二",22,"2015-08-28 08:53:07","2015-08-28 08:53:07"
5,"山田","潤",39,"2015-08-28 08:53:50","2015-08-28 08:53:50"
6,"次田","叡令",20,"2015-08-28 08:54:09","2015-08-28 08:54:09"
7,"中根","泰希",19,"2015-08-28 08:54:26","2015-08-28 08:54:26"
8,"根東","秀都",21,"2015-08-28 08:54:45","2015-08-28 08:54:45"
9,"張ヶ谷","拓実",26,"2015-08-28 08:55:39","2015-08-28 08:55:39"
10,"新保","麻粋",23,"2015-08-28 08:56:02","2015-08-28 08:56:02"
11,"阿部","大和",21,"2015-08-28 08:56:11","2015-08-28 08:56:11"
12,"本田","美咲",22,"2015-08-28 08:56:24","2015-08-28 08:56:24"
13,"植田","浩平",22,"2015-08-28 08:56:55","2015-08-28 08:56:55"
14,"真田","理宏",22,"2015-08-28 08:57:06","2015-08-28 08:57:06"
15,"小川","悠輝",22,"2015-08-28 08:57:24","2015-08-28 08:57:24"
16,"田中","聡子",23,"2015-08-28 08:58:06","2015-08-28 08:58:06"
17,"久保","静真",22,"2015-08-28 08:59:02","2015-08-28 08:59:02"
18,"櫻本","静香",20,"2015-08-28 08:59:21","2015-08-28 08:59:52"
19,"道祖","克理",20,"2015-08-28 09:00:28","2015-08-28 09:00:28"
